{
 "acc_macro": [
  0.08797974346575316,
  0.1478734309317251,
  0.20093777987180256,
  0.2708852139659006,
  0.29617418681997043,
  0.32202941483962483,
  0.3397487870685254,
  0.3545754400934811,
  0.35962546484808433,
  0.3657063495813381,
  0.38579968610650467,
  0.3836088260323382,
  0.3937039531054814,
  0.40221971236657217,
  0.40420900483219063,
  0.4171995518368333,
  0.42857795647969543,
  0.4261730358599111,
  0.440895802184264,
  0.43149712539504415,
  0.4418612677750453,
  0.44136767357424345,
  0.445753535306753,
  0.44427501253847235,
  0.4452575474641644,
  0.44604753432995764,
  0.4428655897452138,
  0.4472522673157945,
  0.44442112428831393,
  0.4406064513044336,
  0.4447456569679713,
  0.4418612677750453
 ],
 "prec_macro": [
  0.24269840239462667,
  0.32611167195101937,
  0.41760895311648,
  0.472387363597608,
  0.5154877300943168,
  0.5245645142785953,
  0.5109751196342198,
  0.5571755691079674,
  0.5573205130252559,
  0.5672831687964539,
  0.5840713414466137,
  0.6073881748901396,
  0.6140889355062104,
  0.6258596333930945,
  0.6287812252382637,
  0.6543545423435133,
  0.6561137574639112,
  0.6586805150437048,
  0.6471172081300612,
  0.6461317439978811,
  0.6421187947220681,
  0.6537087970800848,
  0.6416950674498739,
  0.6404838768145271,
  0.6442600249019504,
  0.6411725990443304,
  0.62041121018917,
  0.6335751722978374,
  0.6323860061469923,
  0.6360623210578845,
  0.627814558115465,
  0.6421187947220681
 ],
 "rec_macro": [
  0.10721093478531195,
  0.16974058672633693,
  0.23610313510318673,
  0.33687867834372215,
  0.36013190923959276,
  0.3911159641318651,
  0.41898787667159687,
  0.4361401839947796,
  0.44116561521338715,
  0.45558375597659884,
  0.4904541941892883,
  0.4792287872614008,
  0.49464828675902994,
  0.5078341409494611,
  0.5072635917686279,
  0.5163262282569339,
  0.5348786946575079,
  0.5297042773994922,
  0.5549553457470499,
  0.5413776086443294,
  0.5521541804175131,
  0.5525793905303333,
  0.5663582856623729,
  0.5600922142788256,
  0.5629923895955643,
  0.562652119237836,
  0.5724477865934399,
  0.567128408182738,
  0.5646261792154895,
  0.5589241195068901,
  0.5671184446361971,
  0.5521541804175131
 ],
 "f1_macro": [
  0.14872379686312368,
  0.2232696758624267,
  0.30165813009970993,
  0.39328780022274695,
  0.4240279045583552,
  0.44811604176073605,
  0.4604320413995334,
  0.48928380420643286,
  0.4924868559437078,
  0.5053345464268238,
  0.5331846096123327,
  0.5357506988905687,
  0.5479351351535237,
  0.5607032453952434,
  0.5615233096021518,
  0.5772033184037495,
  0.5893257669501198,
  0.5871934553134703,
  0.5975032918244252,
  0.5891343216058963,
  0.5937479692011063,
  0.5989049919992948,
  0.6016775954184916,
  0.597596496275789,
  0.6008908933786085,
  0.5993515769709679,
  0.5954652226431953,
  0.5985132130372446,
  0.5965882366218237,
  0.5950035258655579,
  0.595924984745608,
  0.5937479692011063
 ],
 "acc_micro": [
  0.15321463897131402,
  0.22507374631268215,
  0.29244833825349686,
  0.36289673670093553,
  0.37707778492055855,
  0.4041145550117781,
  0.41996773615342875,
  0.4280014508523719,
  0.4344653634807636,
  0.43901783313916626,
  0.44992512992160266,
  0.4517815990072642,
  0.4554955274112084,
  0.46246167323696485,
  0.461924023918392,
  0.47419497132774174,
  0.4826983572177518,
  0.48088865564593297,
  0.48617213750322663,
  0.48282476024411086,
  0.4867757090655952,
  0.4864325964455961,
  0.4906338208878583,
  0.4880798691797875,
  0.4892770667589027,
  0.4884060460322871,
  0.4885733490169678,
  0.48970877103082683,
  0.4854905965449708,
  0.4828620394173052,
  0.4850758997100419,
  0.4867757090655952
 ],
 "prec_micro": [
  0.6519360269359995,
  0.7207178841309597,
  0.7160177197481763,
  0.6809260191242966,
  0.7188375350139931,
  0.7180354267310673,
  0.714220393232728,
  0.7300850734725332,
  0.7262460472820249,
  0.7230996309962993,
  0.7116188353301656,
  0.718291995490407,
  0.7192001118724554,
  0.7123195250303507,
  0.7154726232634062,
  0.7237107849737346,
  0.7188028627195743,
  0.7188807531380659,
  0.7082967239864352,
  0.7168932038834859,
  0.7167563412759324,
  0.7135953198524645,
  0.7043222003929187,
  0.7082552766329373,
  0.7126842171558041,
  0.7066351888667904,
  0.6894711880483675,
  0.702696078431364,
  0.6980300991068066,
  0.7024432809773037,
  0.6995449514204809,
  0.7167563412759324
 ],
 "rec_micro": [
  0.16686416029300694,
  0.2465797694710735,
  0.3308197780889763,
  0.43725088872131385,
  0.4423139071420829,
  0.4803404071959444,
  0.5047937089302973,
  0.5084563180006408,
  0.5195518690078582,
  0.527738877518038,
  0.5502531509210326,
  0.5490681891629802,
  0.5540234837875627,
  0.5686739200689371,
  0.5658731013680861,
  0.5790154045028484,
  0.5950662501346483,
  0.5922654314337974,
  0.607885381880851,
  0.5965743832812604,
  0.6027146396638953,
  0.6044382204028805,
  0.6179036949262026,
  0.6109016481740751,
  0.6095012388236496,
  0.6126252289130603,
  0.626413874824942,
  0.6176882473338294,
  0.6145642572444187,
  0.6070235915113583,
  0.6127329527092469,
  0.6027146396638953
 ],
 "f1_micro": [
  0.2657174714812546,
  0.3674452203226524,
  0.45254936634246307,
  0.5325373917606858,
  0.5476492164054612,
  0.5756147937778276,
  0.5915172936127167,
  0.5994411988823901,
  0.6057523235367922,
  0.6101631585502477,
  0.6206184314440115,
  0.6223823188228752,
  0.6258975295119799,
  0.6324427938181307,
  0.6319398496240526,
  0.6433273488928707,
  0.6511079679396434,
  0.6494595712007484,
  0.6542608695652099,
  0.6512229539040375,
  0.6548071859090567,
  0.654496675609464,
  0.6582888621105106,
  0.6559861191440063,
  0.6570665427940929,
  0.6562806531648415,
  0.6564316757916052,
  0.6574557128934169,
  0.6536434463794608,
  0.6512568621785536,
  0.6532674859308527,
  0.6548071859090567
 ],
 "rec_at_5": [
  0.35452441343383007,
  0.4262633085286157,
  0.48724377579334194,
  0.5133033478875612,
  0.5373359224957598,
  0.555034495257989,
  0.5589727504958453,
  0.5724525858049877,
  0.5818756325611559,
  0.5834708701624328,
  0.5908137080051535,
  0.5969738101760632,
  0.5985668743485933,
  0.5987532423353428,
  0.604929235939817,
  0.6176370395161419,
  0.6189466817277649,
  0.6201650817144421,
  0.6160345156639778,
  0.6205957478555342,
  0.6220792558711464,
  0.6209317560586753,
  0.6259613056924843,
  0.6229926675283598,
  0.6256771334121264,
  0.6213174514539066,
  0.6226746571499552,
  0.6187745812775336,
  0.6145829325293051,
  0.6158886604243526,
  0.6208615139111922,
  0.6220792558711464
 ],
 "prec_at_5": [
  0.39351557533375714,
  0.46179275270184367,
  0.5150667514303878,
  0.5383343928798474,
  0.5599491417673236,
  0.5739351557533376,
  0.5802924348378894,
  0.5891926255562618,
  0.5958041958041959,
  0.5992371265098538,
  0.6044500953591863,
  0.6080101716465353,
  0.6085187539732995,
  0.6087730451366814,
  0.6136045772409408,
  0.6226319135410044,
  0.624411951684679,
  0.6250476795931341,
  0.6228862047043865,
  0.6255562619198982,
  0.6288620470438653,
  0.6260648442466624,
  0.62822631913541,
  0.6265734265734266,
  0.6286077558804832,
  0.6256834075015892,
  0.6251748251748251,
  0.6223776223776224,
  0.6181818181818182,
  0.6203432930705658,
  0.6255562619198983,
  0.6288620470438653
 ],
 "f1_at_5": [
  0.37300379823844376,
  0.44331729766808364,
  0.5007690968739759,
  0.5255209763517971,
  0.5484095217213585,
  0.5643266126755662,
  0.5694331092865729,
  0.5807019884180847,
  0.5887575467729,
  0.5912489111802638,
  0.5975541150632052,
  0.60244145029153,
  0.6035017897689144,
  0.6037215726127912,
  0.6092360245804268,
  0.6201244187235855,
  0.6216673052177828,
  0.6225968080880445,
  0.6194414139990331,
  0.623066131814612,
  0.6254522628025043,
  0.6234877353306241,
  0.6270917671514223,
  0.624777916535829,
  0.6271390209631666,
  0.6234927865109956,
  0.6239222365173023,
  0.62057087204789,
  0.6163771221318901,
  0.618107950845865,
  0.6232000463139199,
  0.6254522628025043
 ],