{
 "acc_macro": [
  0.07669359809879764,
  0.14365538635202885,
  0.18727725830066377,
  0.22807526649333476,
  0.2841301779901321,
  0.3135899001390636,
  0.3418147906952516,
  0.3546905077553143
 ],
 "prec_macro": [
  0.17353809622452104,
  0.25962796700473345,
  0.36926172845438027,
  0.4381536339981183,
  0.5228346869732452,
  0.5220128263360003,
  0.5461389034718438,
  0.5457304405335018
 ],
 "rec_macro": [
  0.09928762814353626,
  0.1727117905273601,
  0.22569712461592054,
  0.2776526550943563,
  0.34572555310627406,
  0.3933956231789143,
  0.4269336366092461,
  0.4478379307852977
 ],
 "f1_macro": [
  0.1263091008488112,
  0.20743320627429113,
  0.28015823249884747,
  0.3399090554877813,
  0.41622285477958787,
  0.44866870353372534,
  0.4792347097444344,
  0.4919616974736686
 ],
 "acc_micro": [
  0.13532376890267414,
  0.23021513638109653,
  0.27293490673772103,
  0.3043721450545325,
  0.3479652491998139,
  0.3707543796925244,
  0.4022693023668079,
  0.4151509800459084
 ],
 "prec_micro": [
  0.5747221078632946,
  0.6798071469086591,
  0.7007085267529758,
  0.6933531535357678,
  0.6972695620304069,
  0.6852800264331623,
  0.6943084455324251,
  0.697108969607106
 ],
 "rec_micro": [
  0.15038241947646072,
  0.2582139394592238,
  0.3089518474631013,
  0.35171819454917214,
  0.4098890444899234,
  0.44683830658191914,
  0.48885058709468393,
  0.5065172896692824
 ],
 "f1_micro": [
  0.23838797814207244,
  0.37426809274728123,
  0.4288277511961659,
  0.46669525443109683,
  0.5162822252374422,
  0.5409494001043227,
  0.5737404387129329,
  0.5867232343398978
 ],
 "rec_at_5": [
  0.30682491260317246,
  0.40859302236509326,
  0.4635616912577041,
  0.4918124502972282,
  0.5193856226645419,
  0.525540716097967,
  0.5432370910583698,
  0.5567383078256387
 ],
 "prec_at_5": [
  0.3483788938334393,
  0.44704386522568346,
  0.49637635092180543,
  0.5171010807374444,
  0.5453273998728545,
  0.550794659885569,
  0.5682136045772409,
  0.575206611570248
 ],
 "f1_at_5": [
  0.3262841961635527,
  0.426954486585191,
  0.47940815057439007,
  0.504139833089596,
  0.5320404750267812,
  0.5378714226775091,
  0.5554447117850925,
  0.5658217994328726
 ],
 "rec_at_8": [
  0.40676082231927874,
  0.5168142192666676,
  0.5799440149341445,
  0.6154178010924697,
  0.6482018293256063,
  0.6619135669740005,
  0.6824832782470275,
  0.6863616016061059
 ],
 "prec_at_8": [
  0.28981246026700574,
  0.3640336935791481,
  0.3983630006357279,
  0.42005721551176095,
  0.4428639542275906,
  0.45025429116338206,
  0.46217418944691674,
  0.4652733630006357
 ],
 "f1_at_8": [
  0.3384693544917242,
  0.42717428602637897,
  0.47230211848234827,
  0.4993084019565082,
  0.5262106641046533,
  0.5359432422519979,
  0.5511275902831612,
  0.5545954758725568
 ],
 "rec_at_15": [
  0.6033312335000902,
  0.6780995576570674,
  0.7469906545137464,
  0.7884454486270099,
  0.8182845073594347,
  0.8296596632761136,
  0.8475375585693076,
  0.8559194097358193
 ],
 "prec_at_15": [
  0.2313201949565586,
  0.259631277813096,
  0.28179699088789995,
  0.29569824115278665,
  0.3065903793176521,
  0.31154905700360247,
  0.3188811188811189,
  0.3212968849332486
 ],
 "f1_at_15": [
  0.3344215172906054,
  0.3754933675626182,
  0.40921898625867725,
  0.4300941556027149,
  0.44605521995817426,
  0.45299283318522987,
  0.4634077457694671,
  0.46721106622013103
 ],
 "auc_macro": [
  0.6980041260017186,
  0.7577431652723388,
  0.7939205301840379,
  0.819129951327661,
  0.8359937824624933,
  0.8466021843375512,
  0.8558308019699169,
  0.8622725412035689
 ],
 "auc_micro": [
  0.7522900655475857,
  0.8147458112938093,
  0.847617910871129,
  0.8691006458813944,
  0.8839544982399986,
  0.8903223261309441,
  0.8988590126339078,
  0.9033518839910797
 ],
 "loss_dev": [
  0.3144256062876701,
  0.27903575063443303,
  0.2605671971321144,
  0.24836480225337515,
  0.23683320378999534,
  0.23301430435191653,
  0.225489746338705,
  0.22173945361112457
 ],
 "loss_tr": [
  0.3321720325675072,
  0.2759911574356856,
  0.25211132150161847,
  0.23623995314563584,
  0.2234487992271087,
  0.21370424932779003,
  0.20585031215215935,
  0.1983389624194182
 ]
}