{
 "acc_macro": [
  0.0899987309919816,
  0.15780409872318446,
  0.2038804289232093,
  0.2508831287016417,
  0.28196990824822954,
  0.32535272572213303,
  0.3422043309970626,
  0.36346258806087667,
  0.372598599035028,
  0.3948214023781005,
  0.3882936345290593,
  0.40103503268212637,
  0.4173850598941014,
  0.4254076038878641,
  0.4237915997646396,
  0.4276541646370395,
  0.43272687823236866,
  0.43612577404503433,
  0.4454660601636038,
  0.435713118398568,
  0.44724245849652206,
  0.4400958402750477,
  0.4410109456541303,
  0.4359884053946957,
  0.4448581270052304,
  0.44983038903903755,
  0.45016642979198984,
  0.4463098192326021,
  0.4476966825710555,
  0.45268138298407196,
  0.4516351993574418,
  0.44471381772504337,
  0.45019470815995105,
  0.448055814067664,
  0.4502114660751066,
  0.4504268551972889,
  0.4481841271851199,
  0.45016642979198984
 ],
 "prec_macro": [
  0.21759306962975786,
  0.34976125706538697,
  0.4260015134352865,
  0.4613828648767245,
  0.5216937048971118,
  0.5515046798769313,
  0.5644109706580833,
  0.5889399060805761,
  0.5880594995456307,
  0.5895600130473841,
  0.6001603166230338,
  0.6090404042855186,
  0.6048112894854749,
  0.6392685826778679,
  0.6409454156918568,
  0.6294814062265373,
  0.6263636298933433,
  0.6385742118207652,
  0.6247410711940987,
  0.6400334247006889,
  0.6298892465749831,
  0.646682734677693,
  0.6439967853042927,
  0.6415357076755996,
  0.6406732832647188,
  0.6352512725014182,
  0.6393049657596864,
  0.6333657157206837,
  0.6446132365224304,
  0.6338590294192809,
  0.6392442152450799,
  0.648762108855362,
  0.6332016162831822,
  0.6342136221039394,
  0.6398229672378288,
  0.6406513854513683,
  0.6390044943280251,
  0.6393049657596864
 ],
 "rec_macro": [
  0.10953761738008432,
  0.19427488652912586,
  0.24441265765417935,
  0.30347251866576785,
  0.3385392069937232,
  0.3977781988506465,
  0.4198484705117116,
  0.446186700139746,
  0.4562725709127431,
  0.489411138814976,
  0.4719836624192015,
  0.4977457596326053,
  0.5280782327619037,
  0.5335221028182873,
  0.5230712054228177,
  0.53422444563482,
  0.5407295105393117,
  0.5488383589731591,
  0.5679476669462209,
  0.5471871791316576,
  0.5664448697204009,
  0.5503840634048032,
  0.5498781656868986,
  0.5407188499553928,
  0.558342768616631,
  0.5667759001046153,
  0.5707817941791575,
  0.5606886836437351,
  0.5627024731050647,
  0.5769099225347275,
  0.5668554305912052,
  0.5521848123449395,
  0.5702477508937858,
  0.5680622300487292,
  0.5671731380157901,
  0.5669135620201033,
  0.5702741824107926,
  0.5707817941791575
 ],
 "f1_macro": [
  0.14571929416664822,
  0.2497989493113811,
  0.3106144426935936,
  0.36612678183649977,
  0.4106184981025191,
  0.46219423764010414,
  0.48151345643012744,
  0.5077198319425155,
  0.5138507708368625,
  0.5348377236727083,
  0.5284101199382817,
  0.5477973768751779,
  0.5638461132067845,
  0.5816279455726976,
  0.5760400412068342,
  0.5779542222648604,
  0.580404917616595,
  0.5903154996311929,
  0.5949921760532743,
  0.5899797949621842,
  0.5964847568157987,
  0.5946600002869854,
  0.5932275749941532,
  0.5868286957671284,
  0.5966814108876141,
  0.5990631825468706,
  0.6031032607982595,
  0.5948154281773579,
  0.6008792223855794,
  0.604045161498501,
  0.6008774749857992,
  0.596590202299301,
  0.6000780878630805,
  0.5993180414537633,
  0.601311633937048,
  0.6015311386767954,
  0.6026861674969267,
  0.6031032607982595
 ],
 "acc_micro": [
  0.1534001572327029,
  0.2486177490394504,
  0.28929875479823713,
  0.33425034387895153,
  0.34895544462931827,
  0.387488748874884,
  0.4030119938677933,
  0.42484483223890956,
  0.4331313862012801,
  0.45063268579575433,
  0.44777196464008256,
  0.4604335801587969,
  0.46938239159000905,
  0.47834093300595865,
  0.4779366065879386,
  0.4774750947721019,
  0.4814226458388449,
  0.48345298546663906,
  0.4914889958734483,
  0.4818348945110699,
  0.4899184899184857,
  0.4859518599562321,
  0.48709677419354414,
  0.4814912280701712,
  0.48657311157310734,
  0.49072236126693286,
  0.48838599487617,
  0.4874181316787273,
  0.48554963013933866,
  0.4895859899685413,
  0.4895473393227325,
  0.48452889392486287,
  0.4864655839133756,
  0.4844444444444403,
  0.4863125375439759,
  0.4859203296703255,
  0.484417574931876,
  0.48838599487617
 ],
 "prec_micro": [
  0.6361043194783766,
  0.6565206632021614,
  0.6885026737967761,
  0.6920448072906646,
  0.7109227871939603,
  0.7020547945205365,
  0.7121912350597496,
  0.7202989171877273,
  0.7295156868717525,
  0.7228416237850097,
  0.7335599231564839,
  0.7282347961055351,
  0.7153538050734217,
  0.7200369588173083,
  0.7310878717913795,
  0.724451578384153,
  0.727042516326793,
  0.7207936300743935,
  0.7087775849243652,
  0.7200418628989963,
  0.7065082900272123,
  0.7216012477254911,
  0.7186776434267981,
  0.7216671049171611,
  0.7129982228992039,
  0.7116395494367871,
  0.7020623618954002,
  0.7090384856462241,
  0.7066850275413031,
  0.6989925961888493,
  0.7119346733668253,
  0.7173828881145862,
  0.7063006862133412,
  0.7010513296227495,
  0.7051138484509057,
  0.7052959501557544,
  0.6980368098159424,
  0.7020623618954002
 ],
 "rec_micro": [
  0.16815684584724586,
  0.28579123128298733,
  0.33286653021652124,
  0.39265323710007116,
  0.40665733060432613,
  0.46375094258321164,
  0.48141764515781016,
  0.5087794893892006,
  0.5159969837337012,
  0.5447592373155171,
  0.5347409242701655,
  0.5559625121189211,
  0.5771840999676766,
  0.5876333081977746,
  0.579877194872341,
  0.583432080146498,
  0.5876333081977746,
  0.5948508025422752,
  0.6158569427986575,
  0.5929117742109168,
  0.6151028762253515,
  0.5980825164278725,
  0.6018528492944026,
  0.5912959172681181,
  0.6050845631799999,
  0.6125175051168738,
  0.6160723903910308,
  0.6092857912312765,
  0.6081008294732241,
  0.6203813422384938,
  0.6104707529893287,
  0.5988365830011785,
  0.6098244102122093,
  0.6105784767855154,
  0.6104707529893287,
  0.6097166864160227,
  0.6128406765054335,
  0.6160723903910308
 ],
 "f1_micro": [
  0.26599642157279946,
  0.39822876013208647,
  0.4487691525669821,
  0.5010309278350445,
  0.517371342424443,
  0.5585468699318773,
  0.5744954364314105,
  0.5963383838383762,
  0.6044545397185866,
  0.6212912341052814,
  0.6185669781931388,
  0.6305436774587584,
  0.6388839205866494,
  0.647132095616577,
  0.6467619848612202,
  0.6463392803866502,
  0.6499463838913303,
  0.6517941454202001,
  0.6590581589716911,
  0.6503219708158486,
  0.6576446875899723,
  0.6540613771573228,
  0.6550976138828556,
  0.6500088815205085,
  0.6546238564186159,
  0.658368552075486,
  0.6562625509208714,
  0.6553881807647665,
  0.653696948642225,
  0.6573450519347032,
  0.6573102128399854,
  0.6527712541099031,
  0.6545265348595137,
  0.6526946107784356,
  0.6543879907621172,
  0.6540328171943534,
  0.6526702231400143,
  0.6562625509208714
 ],
 "rec_at_5": [
  0.34099962800241207,
  0.4248935170849627,
  0.47842585020725625,
  0.5071672866914847,
  0.5232243115621241,
  0.5417684013835645,
  0.5564482344745355,
  0.5606852521086824,
  0.5697390882135774,
  0.5813545662228888,
  0.5842037857679125,
  0.5940430785299644,
  0.601765051231276,
  0.6090720851594161,
  0.6145123951849137,
  0.6130960476119152,
  0.6146820496457315,
  0.6150276492551021,
  0.6220132355588653,
  0.6193411181449705,
  0.6201316966771255,
  0.6211343228037236,
  0.6192344332023644,
  0.6189247187238641,
  0.6194496717476903,
  0.622728465129327,
  0.619041236760799,
  0.6210257562675691,
  0.6203945360789326,
  0.615185541852138,
  0.6224017096162472,
  0.6198464028282078,
  0.6161185370425469,
  0.6127362902718703,
  0.6188560078557255,
  0.6155343271472603,
  0.6113557881364413,
  0.619041236760799
 ],